residencia,fuente
Santiago,iPhone
Santiago,iPhone
Santiago,iPhone
Santiago,Android
Providencia,iPhone
Las Condes,iPhone
Las Condes,iPhone
Las Condes,iPhone
Metropolitana de Santiago,Android
Santiago,iPhone
Las Condes,Android
Santiago,Android
Ñuñoa,iPhone
Santiago,iPhone
Recoleta,iPhone
Las Condes,Android
Santiago,iPhone
Providencia,iPhone
Las Condes,Android
Santiago,Android
Providencia,iPhone
Providencia,iPhone
Las Condes,iPhone
Santiago,Android
Vitacura,iPhone
Providencia,iPhone
Las Condes,Android
Providencia,Android
Las Condes,Android
Las Condes,Android
Ñuñoa,iPhone
Providencia,iPhone
